TIME,V(PC),V(Y),V(ED),V(ER),V(EQ)
0.00000000e+00,0.00000000e+00,0.00000000e+00,0.00000000e+00,0.00000000e+00,0.00000000e+00
5.00000000e-12,6.00000000e-03,0.00000000e+00,0.00000000e+00,0.00000000e+00,0.00000000e+00
5.15625000e-12,6.18750000e-03,0.00000000e+00,0.00000000e+00,0.00000000e+00,0.00000000e+00
5.31250000e-12,6.37500000e-03,0.00000000e+00,0.00000000e+00,0.00000000e+00,0.00000000e+00
5.45312500e-12,6.54375000e-03,0.00000000e+00,0.00000000e+00,0.00000000e+00,0.00000000e+00
5.73437500e-12,6.88125000e-03,0.00000000e+00,0.00000000e+00,0.00000000e+00,0.00000000e+00
6.29687500e-12,7.55625000e-03,0.00000000e+00,0.00000000e+00,0.00000000e+00,0.00000000e+00
7.42187500e-12,8.90625000e-03,0.00000000e+00,0.00000000e+00,0.00000000e+00,0.00000000e+00
9.67187500e-12,1.16062500e-02,0.00000000e+00,0.00000000e+00,0.00000000e+00,0.00000000e+00
1.41718750e-11,1.70062500e-02,0.00000000e+00,0.00000000e+00,0.00000000e+00,0.00000000e+00
2.31718750e-11,2.78062500e-02,0.00000000e+00,0.00000000e+00,0.00000000e+00,0.00000000e+00
4.11718750e-11,4.94062500e-02,0.00000000e+00,0.00000000e+00,0.00000000e+00,0.00000000e+00
7.71718750e-11,9.26062500e-02,0.00000000e+00,0.00000000e+00,0.00000000e+00,0.00000000e+00
1.49171875e-10,1.79006250e-01,0.00000000e+00,0.00000000e+00,0.00000000e+00,0.00000000e+00
2.93171875e-10,3.51806250e-01,7.60890805e-04,2.67107190e-03,2.67686145e-03,0.00000000e+00
3.02171875e-10,3.62606250e-01,1.44382637e-03,5.13757856e-03,5.15322851e-03,0.00000000e+00
3.20171875e-10,3.84206250e-01,4.07718043e-03,1.50181929e-02,1.51232253e-02,0.00000000e+00
3.24764088e-10,3.89716906e-01,5.24589865e-03,1.95115757e-02,1.96779179e-02,0.00000000e+00
3.29356302e-10,3.95227562e-01,6.50305766e-03,2.43736051e-02,2.46143547e-02,0.00000000e+00
3.38540729e-10,4.06248874e-01,9.55646345e-03,3.63790181e-02,3.68704787e-02,0.00000000e+00
3.47725155e-10,4.17270187e-01,1.33439447e-02,5.15541088e-02,5.24862860e-02,0.00000000e+00
3.56909582e-10,4.28291499e-01,1.78828654e-02,7.00474190e-02,7.16968906e-02,0.00000000e+00
3.66094009e-10,4.39312811e-01,2.31866350e-02,9.19771844e-02,9.47259889e-02,0.00000000e+00
3.75278436e-10,4.50334123e-01,2.92646616e-02,1.17429285e-01,1.21783913e-01,0.00000000e+00
3.84462863e-10,4.61355435e-01,3.61223403e-02,1.46455774e-01,1.53065812e-01,0.00000000e+00
3.93647290e-10,4.72376747e-01,4.37610745e-02,1.79073996e-01,1.88749985e-01,0.00000000e+00
4.02831716e-10,4.83398060e-01,5.21783312e-02,2.15266326e-01,2.28996384e-01,0.00000000e+00
4.12016143e-10,4.94419372e-01,6.13677268e-02,2.54980502e-01,2.73945301e-01,0.00000000e+00
4.21200570e-10,5.05440684e-01,7.13191447e-02,2.98130538e-01,3.23716260e-01,0.00000000e+00
4.30384997e-10,5.16461996e-01,8.20188806e-02,3.44598197e-01,3.78407110e-01,0.00000000e+00
4.39569424e-10,5.27483308e-01,9.34498157e-02,3.94234957e-01,4.38093354e-01,0.00000000e+00
4.48753850e-10,5.38504621e-01,1.05591613e-01,4.46864439e-01,5.02827685e-01,0.00000000e+00
4.57938277e-10,5.49525933e-01,1.18420935e-01,5.02285215e-01,5.72639761e-01,0.00000000e+00
4.67122704e-10,5.60547245e-01,1.31911684e-01,5.60273938e-01,6.47536202e-01,0.00000000e+00
4.76307131e-10,5.71568557e-01,1.46035253e-01,6.20588712e-01,7.27500808e-01,0.00000000e+00
4.85491558e-10,5.82589869e-01,1.60760795e-01,6.82972638e-01,8.12494999e-01,0.00000000e+00
4.94675985e-10,5.93611181e-01,1.76055498e-01,7.47157443e-01,9.02458449e-01,0.00000000e+00
5.03860411e-10,6.04632494e-01,1.91884872e-01,8.12867137e-01,9.97309933e-01,0.00000000e+00
5.13044838e-10,6.15653806e-01,2.08213034e-01,8.79821606e-01,1.09694833e+00,0.00000000e+00
5.22229265e-10,6.26675118e-01,2.25002998e-01,9.47740100e-01,1.20125383e+00,0.00000000e+00
5.31413692e-10,6.37696430e-01,2.42216964e-01,1.01634454e+00,1.31008924e+00,0.00000000e+00
5.40598119e-10,6.48717742e-01,2.59816598e-01,1.08536257e+00,1.42330143e+00,0.00000000e+00
5.49782545e-10,6.59739055e-01,2.77763311e-01,1.15453043e+00,1.54072296e+00,0.00000000e+00
5.58966972e-10,6.70760367e-01,2.96018517e-01,1.22359538e+00,1.66217364e+00,0.00000000e+00
5.68151399e-10,6.81781679e-01,3.14543896e-01,1.29231794e+00,1.78746233e+00,0.00000000e+00
5.77335826e-10,6.92802991e-01,3.33301626e-01,1.36047370e+00,1.91638866e+00,0.00000000e+00
5.86520253e-10,7.03824303e-01,3.52254612e-01,1.42785479e+00,2.04874483e+00,0.00000000e+00
5.95704680e-10,7.14845615e-01,3.71366690e-01,1.49427106e+00,2.18431738e+00,0.00000000e+00
6.14073533e-10,7.36888240e-01,4.09913638e-01,1.62347577e+00,2.46413694e+00,0.00000000e+00
6.32442387e-10,7.58930864e-01,4.48697428e-01,1.74703786e+00,2.75421072e+00,0.00000000e+00
6.50811240e-10,7.80973489e-01,4.87479029e-01,1.86411036e+00,3.05280418e+00,0.00000000e+00
6.69180094e-10,8.03016113e-01,5.26047437e-01,1.97413250e+00,3.35824681e+00,0.00000000e+00
6.87548948e-10,8.25058737e-01,5.64221621e-01,2.07680324e+00,3.66897268e+00,0.00000000e+00
7.05917801e-10,8.47101362e-01,6.01851301e-01,2.17204659e+00,3.98355323e+00,0.00000000e+00
7.24286655e-10,8.69143986e-01,6.38816655e-01,2.25997278e+00,4.30072184e+00,0.00000000e+00
7.61024362e-10,9.13229235e-01,7.10398078e-01,2.41522775e+00,4.93828608e+00,0.00000000e+00
7.97762070e-10,9.57314484e-01,7.78600424e-01,2.54554978e+00,5.57577851e+00,0.00000000e+00
8.34499777e-10,1.00139973e+00,8.43347764e-01,2.65474984e+00,6.20950964e+00,0.00000000e+00
8.71237484e-10,1.04548498e+00,9.04818116e-01,2.74669798e+00,6.83827759e+00,0.00000000e+00
9.44712899e-10,1.13365548e+00,1.01949663e+00,2.89349254e+00,8.08552123e+00,0.00000000e+00
1.00000000e-09,1.20000000e+00,1.09991047e+00,2.97977741e+00,9.02314214e+00,0.00000000e+00
1.00485807e-09,1.20000000e+00,1.10635534e+00,2.98581269e+00,9.10048058e+00,0.00000000e+00
1.00858716e-09,1.20000000e+00,1.11105423e+00,2.98999216e+00,9.15686736e+00,0.00000000e+00
1.01604534e-09,1.20000000e+00,1.11998047e+00,2.99755434e+00,9.26398217e+00,0.00000000e+00
1.03096171e-09,1.20000000e+00,1.13527394e+00,3.00874623e+00,9.44750383e+00,0.00000000e+00
1.04587808e-09,1.20000000e+00,1.14764449e+00,3.01606892e+00,9.59595053e+00,0.00000000e+00
1.06079444e-09,1.20000000e+00,1.15765076e+00,3.02086004e+00,9.71602585e+00,0.00000000e+00
1.07571081e-09,1.20000000e+00,1.16574462e+00,3.02399481e+00,9.81315217e+00,0.00000000e+00
1.10554354e-09,1.20000000e+00,1.17769639e+00,3.02752568e+00,9.95657347e+00,0.00000000e+00
1.16520901e-09,1.20000000e+00,1.19094815e+00,3.02997443e+00,1.01155947e+01,0.00000000e+00
1.22487448e-09,1.20000000e+00,1.19632633e+00,3.03037784e+00,1.01801331e+01,0.00000000e+00
1.28453995e-09,1.20000000e+00,1.19850904e+00,3.03044435e+00,1.02063258e+01,0.00000000e+00
1.40387088e-09,1.20000000e+00,1.19987496e+00,3.03046345e+00,1.02227172e+01,6.71419923e-16
1.52320182e-09,1.20000000e+00,1.19998950e+00,3.03046375e+00,1.02240920e+01,1.27780160e-15
1.76186369e-09,1.20000000e+00,1.20000267e+00,3.03046410e+00,1.02242508e+01,5.42432078e-05
2.00052556e-09,1.20000000e+00,1.19999929e+00,3.03046444e+00,1.02242109e+01,1.08486416e-04
2.47784930e-09,1.20000000e+00,1.20000036e+00,3.03046513e+00,1.02242251e+01,1.23027277e-04
2.97784930e-09,1.20000000e+00,1.19999977e+00,3.03046585e+00,1.02242195e+01,1.38258933e-04
3.00000000e-09,1.20000000e+00,1.19999983e+00,3.03046588e+00,1.02242202e+01,1.38258933e-04
3.01281051e-09,1.18462739e+00,1.19767478e+00,3.03076926e+00,1.01966771e+01,2.76813974e-02
3.02562102e-09,1.16925477e+00,1.19344370e+00,3.03179273e+00,1.01472050e+01,7.71534590e-02
3.03843154e-09,1.15388216e+00,1.18764823e+00,3.03374965e+00,1.00803322e+01,1.44026285e-01
3.05124205e-09,1.13850954e+00,1.18116030e+00,3.03625936e+00,1.00060210e+01,2.18337492e-01
3.07686307e-09,1.10776431e+00,1.16475880e+00,3.04457741e+00,9.82212348e+00,4.02235009e-01
3.10248409e-09,1.07701909e+00,1.14498735e+00,3.05700385e+00,9.60634618e+00,6.18012306e-01
3.12810512e-09,1.04627386e+00,1.12302685e+00,3.07293239e+00,9.37333560e+00,8.51022893e-01
3.17934717e-09,9.84783401e-01,1.07559176e+00,3.11280000e+00,8.89217052e+00,1.33218797e+00
3.23058921e-09,9.23292944e-01,1.02586636e+00,3.16090914e+00,8.41792374e+00,1.80643475e+00
3.28183126e-09,8.61802488e-01,9.75834304e-01,3.21508437e+00,7.97130573e+00,2.25305276e+00
3.33307331e-09,8.00312031e-01,9.26624150e-01,3.27418236e+00,7.56214670e+00,2.66221179e+00
3.38431535e-09,7.38821574e-01,8.79052452e-01,3.33751192e+00,7.19574158e+00,3.02861691e+00
3.43555740e-09,6.77331117e-01,8.33886716e-01,3.40442054e+00,6.87550323e+00,3.34885526e+00
3.48679945e-09,6.15840661e-01,7.92005975e-01,3.47390876e+00,6.60412887e+00,3.62022962e+00
3.53804150e-09,5.54350204e-01,7.54539245e-01,3.54410880e+00,6.38413514e+00,3.84022335e+00
3.58928354e-09,4.92859747e-01,7.23029372e-01,3.61139774e+00,6.21809412e+00,4.00626437e+00
3.64052559e-09,4.31369290e-01,6.99665945e-01,3.66872756e+00,6.10867752e+00,4.11568097e+00
3.69176764e-09,3.69878833e-01,6.87646281e-01,3.70231035e+00,6.05848706e+00,4.16587143e+00
3.74300969e-09,3.08388377e-01,6.84948873e-01,3.71088184e+00,6.04850994e+00,4.17584855e+00
3.79425173e-09,2.46897920e-01,6.84948866e-01,3.71088186e+00,6.04850994e+00,4.17584855e+00
3.84549378e-09,1.85407463e-01,6.84948859e-01,3.71088189e+00,6.04850994e+00,4.17584855e+00
3.94797788e-09,6.24265496e-02,6.84948845e-01,3.71088193e+00,6.04850994e+00,4.17584855e+00
4.00000000e-09,0.00000000e+00,6.84948838e-01,3.71088196e+00,6.04850994e+00,4.17584855e+00
4.02049682e-09,0.00000000e+00,6.84948835e-01,3.71088197e+00,6.04850994e+00,4.17584855e+00
4.06149046e-09,0.00000000e+00,6.84948830e-01,3.71088199e+00,6.04850994e+00,4.17584855e+00
4.14347773e-09,0.00000000e+00,6.84948818e-01,3.71088203e+00,6.04850994e+00,4.17584855e+00
4.30745228e-09,0.00000000e+00,6.84948796e-01,3.71088210e+00,6.04850994e+00,4.17584855e+00
4.63540139e-09,0.00000000e+00,6.84948751e-01,3.71088226e+00,6.04850994e+00,4.17584855e+00
5.00000000e-09,0.00000000e+00,6.84948701e-01,3.71088243e+00,6.04850994e+00,4.17584855e+00
